Адрес,Latitude,Longitude,Программа,Ориентир,Название ЛПУ,Адрес точный,Способ обращения,Режим работы
"Россия, г. Москва, пр-кт Комсомольский, д. 13А",55.7294187,37.5900104,Стандарт,"Поликлиника, Вызов врача на дом (в пределах МКАД)","ФГБУ ""9 ЛДЦ"" Минобороны России","119146, г. Москва, пр-кт Комсомольский, д. 13А, ст. метро Фрунзенская",Регистратура: +7(495)-609-54-20,Режим работы: пн-пт 08:00-20:00 сб. 09:00-15:00
"Россия, г. Москва, пр-кт Комсомольский, д. 22",55.7290797,37.5821844,Стандарт,"Поликлиника, Вызов врача на дом (в пределах МКАД)","ФГБУ ""9 ЛДЦ"" Минобороны России/ Поликлиника","119146, г. Москва, пр-кт Комсомольский, д. 22, ст. метро Фрунзенская",Регистратура: +7(495)-609-54-20,Режим работы: пн.-пт. 08:00-20:00
"Россия, г. Москва, ул. Пироговская, б. д. 15/18, стр. 1",55.7338186,37.576295,Стандарт,"Поликлиника, Вызов врача на дом (в пределах МКАД)",ФГБУ «9 ЛДЦ» Минобороны России-Филиал,"119435, г. Москва, ул. Пироговская, б. д. 15/18, стр. 1, ст. метро Фрунзенская",Регистратура: +7(499)-790-90-94,Режим работы: пн.-пт. 08:00-20:00; сб. 09:00-15:00
"Россия, г. Москва, пр-кт Комсомольский, д. 28",55.7263788,37.5795945,Стандарт,"Поликлиника, Вызов врача на дом (в пределах МКАД)","Клиника ""Будь Здоров"" / ООО «Клиника Будь Здоров»","г. Москва, пр-кт Комсомольский, д. 28, ст. метро Фрунзенская",Регистратура: +7(495)-782-88-82,Режим работы: пн.-пт. 08:00-21:00; сб.-вс. 08:00-21:00
"Россия, г. Москва, пр-кт Рязанский, д. 2Б",55.73070870000001,37.7367932,Стандарт,"Поликлиника, Вызов врача на дом (в пределах МКАД)","Клиника ""Будь Здоров"" / ООО «Клиника Будь Здоров» /Флагманский медицинский центр Рязанский проспект","г. Москва, пр-кт Рязанский, д. 2Б, ст. метро МЦК Нижегородская",Регистратура: +7(495)009-88-82,Режим работы: пн.-вс. 07:30-21:00
"Россия, г. Москва, пер. Последний, д. 28",55.769683,37.630651,Стандарт,"Поликлиника, Вызов врача на дом (в пределах МКАД)","Клиника ""Будь Здоров"" / ООО «Клиника Будь Здоров»","г. Москва, пер. Последний, д. 28, ст. метро Сухаревская",Регистратура: +7(495)-782-88-82,Режим работы: пн-вс 08:00-21:00
"Россия, г. Москва, ул. Сущевский вал, д. 12",55.79197199999999,37.599795,Стандарт,"Поликлиника, Вызов врача на дом (в пределах МКАД)","Клиника ""Будь Здоров"" / ООО «Клиника Будь Здоров»","г. Москва, ул. Сущевский вал, д. 12, ст. метро Марьина Роща, Савеловская",Регистратура: +7(495)-782-88-82,Режим работы: пн.-пт. 08:00-21:00; сб.-вс. 08:00-21:00
"Россия, г. Москва, пр-кт Ленинградский, д. 75, корп. 1",55.8049554,37.5123471,Стандарт,"Поликлиника, Вызов врача на дом (в пределах МКАД)","Клиника ""Будь Здоров"" / ООО «Клиника Будь Здоров» /Лаборатория","г. Москва, пр-кт Ленинградский, д. 75, корп. 1, ст. метро Сокол","Регистратура: +7(965) 363-13-83, после 18.00 +7(903) 660-42-74",Режим работы: пн.-пт. 08:00-21:00; сб.-вс. 08:00-21:00
"Россия, г. Москва, ул. Рочдельская, д. 15, стр. 35",55.7567178,37.5619112,Стандарт,"Поликлиника, Вызов врача на дом (в пределах МКАД)","Клиника ""Будь Здоров"" / ООО «Клиника Будь Здоров» /Лаборатория","г. Москва, ул. Рочдельская, д. 15, стр. 35, ст. метро улица 1905 года","Регистратура: +7(965) 363-13-83, после 18.00 +7(903) 660-42-74",Режим работы: пн.-пт. 08:00-21:00; сб.-вс. 08:00-21:00
"Россия, г. Москва, пер. Уланский, д. 22",55.7695467,37.6405339,Стандарт,"Поликлиника, Вызов врача на дом (в пределах МКАД)","АО ""ЦЕНТРАВИАМЕД""","г. Москва, пер. Уланский, д. 22, ст. метро Сретенский бульвар","тел.: (495) 607-0167 Вызов врача на дом: (495) 607-08-37, 632-92-87.",Режим работы: пн-пт 08:00-20:00 сб 08:00-12:00
"Россия, Московская область, пос. Томилино, ул Гаршина, д. 26",55.6618629,37.9428884,Стандарт,"Поликлиника, Вызов врача на дом (в пределах территории обслуживания Исполнителя)","АО ""ЦЕНТРАВИАМЕД""","обл Московская, пос. Томилино, ул Гаршина, д. 26",8 (495) 607-01-67,Режим работы: пн-пт 08:00-20:00 сб 09:00-15:00
"Россия, г. Москва, пр-кт Будённого, д. 18А",55.7679745,37.7292706,Стандарт,"Поликлиника, Вызов врача на дом (в пределах МКАД)","АО ""ЦЕНТРАВИАМЕД""","г Москва, пр-кт Будённого, д. 18А, ст. метро Соколиная гора",8 (495) 607-01-67,Режим работы: пн-пт 08:00-20:00 сб 09:00-15:00
"Россия, г. Москва, бул. Чистопрудный, д. 12, корп. 2",55.76077890000001,37.6428334,Стандарт,"Поликлиника, Вызов врача на дом (в пределах МКАД)","Сеть поликлиник ""АВСМЕДИЦИНА""","г. Москва, бул. Чистопрудный, д. 12, корп. 2, ст. метро Чистые пруды",Регистратура: +7(495)-223-38-83,Режим работы: пн.-пт. 08:00-21:00; сб.-вс. 09:00-20:00
"Россия, Московская область, с. Ромашково, ул. Никольская, д. 10, ",55.7273973,37.3368763,Стандарт,"Поликлиника, Вызов врача на дом (в пределах территории обслуживания Исполнителя)","Сеть поликлиник ""АВСМЕДИЦИНА""/ Клиника в Ромашково","обл. Московская, с. Ромашково, ул. Никольская, д. 10, ст. метро Молодежная",Регистратура: +7(495)-223-38-83,Режим работы: пн.-пт. 08:00-20:00; сб.-вс. 09:00-16:00
"Россия, г. Москва, ул. Столетова, д. 19",55.702609,37.4973142,Стандарт,"Поликлиника, Вызов врача на дом (в пределах МКАД)","Сеть поликлиник ""АВСМЕДИЦИНА""/ Клиника в Раменках","г. Москва, ул. Столетова, д. 19, ст. метро Раменки",Регистратура: (495) 223-38-83,Режим работы: пн.-пт. 08:00-21:00; сб.-вс. 09:00-20:00
"Россия, г. Москва, пр-кт Вернадского, д. 33",55.6807582,37.51461219999999,Стандарт,"Поликлиника, Вызов врача на дом (в пределах МКАД)","Сеть поликлиник ""АВСМЕДИЦИНА""/ Клиника на Проспекте Вернадского","г. Москва, пр-кт Вернадского, д. 33, ст. метро Проспект Вернадского",Регистратура: (495) 223-38-83,Режим работы: пн.-пт. 08:00-21:00; сб.-вс. 09:00-20:00
"Россия, Московская область, г . Красногорск, бул. Подмосковный, д. 11",55.8225953,37.3713245,Стандарт,"Поликлиника, Вызов врача на дом (в пределах территории обслуживания Исполнителя)","Сеть поликлиник ""АВСМЕДИЦИНА""/ Клиника в Красногорске","обл. Московская, г . Красногорск, бул. Подмосковный, д. 11, ст. метро Мякинино",Регистратура: (495) 223-38-83,Режим работы: пн.-пт. 08:00-21:00; сб.-вс. 09:00-20:00
"Россия, г. Москва, ул. Льва Толстого, д. 10, стр. 1",55.732456,37.589489,Стандарт,"Поликлиника, Вызов врача на дом (в пределах МКАД)","Сеть поликлиник ""АВСМЕДИЦИНА""/ООО ""Мед-Лидер""","г. Москва, ул. Льва Толстого, д. 10, стр. 1, ст. метро Парк Культуры",Регистратура: (495) 223-38-83,Режим работы: пн.-пт. 08:00-21:00; сб.-вс. 09:00-20:00
"Россия, г. Москва, пр-кт Андропова, д. 42, корп. 1",55.6708633,37.6605619,Стандарт,"Поликлиника, Вызов врача на дом (в пределах МКАД)","Сеть поликлиник ""АВСМЕДИЦИНА""/ООО ""АВС-СЕМЕЙНАЯ""","115487, г. Москва, пр-кт Андропова, д. 42, корп. 1, ст. метро Коломенская",Регистратура: +7(495)-223-38-83,Режим работы: пн.-пт. 08:00-21:00; сб.-вс. 09:00-19:00
"Россия, Московская область, г. Балашиха, бул. Горенский, д. 3А",55.7920491,37.8873087,Стандарт,"Поликлиника, Вызов врача на дом (в пределах территории обслуживания Исполнителя)","Сеть поликлиник ""АВСМЕДИЦИНА""/ООО ""АВС-ДИАГНОСТИКА""","143900, обл. Московская, г. Балашиха, бул. Горенский, д. 3А, ст. метро Новогиреево",Регистратура: +7(495)-223-38-83,Режим работы: пн.-пт. 08:00-21:00; сб.-вс. 09:00-20:00
"Россия, г. Москва, пер. Плетешковский, д. 4",55.7711871,37.6750585,Стандарт,"Поликлиника, Вызов врача на дом (в пределах МКАД)","Сеть поликлиник ""АВСМЕДИЦИНА""/Клиника на Бауманской","г. Москва, пер. Плетешковский, д. 4, ст. метро Бауманская",Регистратура: +7(495)-223-38-83,Режим работы: пн.-пт. 08:00-21:00; сб.-вс. 09:00-18:00
"Россия, г. Москва, ул. 1905 года, д. 17",55.765933,37.5591929,Стандарт,"Поликлиника, Вызов врача на дом (в пределах МКАД)","Сеть поликлиник ""АВСМЕДИЦИНА""/ ЗАО ""Поликлиника ДСК-1""","123022, г. Москва, ул. 1905 года, д. 17, ст. метро Улица 1905 года",Регистратура: +7(495)-223-38-83,Режим работы: пн.-пт. 08:00-21:00; сб.-вс. 09:00-20:00
"Россия, г. Москва, ул. Липовый парк, д. 5, корп. 1",55.5695932,37.4914693,Стандарт,"Поликлиника, Вызов врача на дом (в пределах МКАД)","Сеть поликлиник ""АВСМЕДИЦИНА""/ Клиника в Коммунарке","г . Москва, ул. Липовый парк, д. 5, корп. 1, ст. метро Коммунарка",Регистратура: +7(495)-223-38-83,Режим работы: пн.-пт. 09:00-19:00; сб.-вс. 09:00-18:00
"Россия, г. Москва, пр-д 2-ой Боткинский, д. 5, корп. 3",55.780854,37.555526,Стандарт,"Поликлиника, Вызов врача на дом (в пределах МКАД)",Клиника МЕДСИ в Боткинском проезде,"г. Москва, пр-д 2-ой Боткинский, д. 5, корп. 3, ст. метро Беговая (на территории ГКБ им. Боткина)",Регистратура: +7(495)-780-05-00,Режим работы: пн.-сб. 08:00-20:00
"Россия, г. Москва, ул. Перерва, д. 53",55.6645251,37.7608017,Стандарт,"Поликлиника, Вызов врача на дом (в пределах МКАД)",КДЦ МЕДСИ в Марьино,"г. Москва, ул. Перерва, д. 53, ст. метро Братиславская",Регистратура: +7(495)-780-05-00,Режим работы: пн.-пт. 08:00-21:00; сб.-вс. 08:00-21:00
"Россия, г. Москва, пер. Благовещенский, д. 6, стр. 1",55.9000694,37.6989323,Стандарт,"Поликлиника, Вызов врача на дом (в пределах МКАД)",Клиника МЕДСИ в Благовещенском переулке,"г. Москва, пер. Благовещенский, д. 6, стр. 1, ст. метро Маяковская",Регистратура: +7(495)-780-05-00,Режим работы: пн.-пт. 08:00-21:00; сб. 09:00-20:00; вс. 09:00-18:00
"Россия, г. Москва, ул. Маршала Голованова, д. 1, корп. 2",55.651683,37.731767,Стандарт,"Поликлиника, Вызов врача на дом (в пределах МКАД)",Клиника МЕДСИ в Марьино,"г. Москва, ул. Маршала Голованова, д. 1, корп. 2, ст. метро Марьино",Регистратура: +7(495)-780-05-00,Режим работы: пн.-пт. 08:00-21:00; сб.-вс. 09:00-21:00
"Россия, г. Москва, пр-кт Ленинградский, д. 52",55.7972753,37.5408613,Стандарт,"Поликлиника, Вызов врача на дом (в пределах МКАД)",Клиника МЕДСИ на Ленинградке,"г. Москва, пр-кт Ленинградский, д. 52, ст. метро Аэропорт",Регистратура: +7(495)-780-05-00,Режим работы: пн.-сб. 08:00-21:00; вс. 09:00-18:00
"Россия, г. Москва, ш. Рублевское, д. 10",55.738838,37.44077,Стандарт,"Поликлиника, Вызов врача на дом (в пределах МКАД)",Клиника МЕДСИ на Рублевском шоссе,"г. Москва, ш. Рублевское, д. 10, ст. метро Кунцевская",Регистратура: +7(495)-780-05-00,Режим работы: пн.-пт. 09:00-21:00
"Россия, Московская область, г. Красногорск, ул. Успенская, д. 5",55.833415,37.291001,Стандарт,"Поликлиника, Вызов врача на дом (в пределах МКАД)",Клиника МЕДСИ в Красногорске,"обл. Московская, г. Красногорск, ул. Успенская, д. 5, ст. метро Митино",Регистратура: +7(495)-780-05-00,Режим работы: пн.-пт. 08:00-21:00; сб. 09:00-20:00; вс. 09:00-18:00
"Россия, г. Москва, бул. Зубовский, д. 22",55.7387188,37.5870253,Стандарт,"Поликлиника, Вызов врача на дом (в пределах МКАД)",Клиника МЕДСИ на Пречистенке,"г. Москва, бул. Зубовский, д. 22, ст. метро Парк Культуры (вход с ул.Пречистенка д.39)",Регистратура: +7(495)-780-05-00,Режим работы: пн.-пт. 08:00-21:00; сб.-вс. 08:00-21:00
"Россия, г. Москва, пр-д 3-й Хорошевский, д. 1, стр. 2",55.7727701,37.54002759999999,Стандарт,"Поликлиника, Вызов врача на дом (в пределах МКАД)",Клиника МЕДСИ в Хорошевском проезде,"г. Москва, пр-д 3-й Хорошевский, д. 1, стр. 2, ст. метро Беговая",Регистратура: +7(495)-780-05-00,Режим работы: пн.-пт. 08:00-21:00; сб.-вс. 08:00-21:00
"Россия, г. Москва, ул. Ленинская Слобода, д. 26, стр. 6",55.71131699999999,37.652065,Стандарт,"Поликлиника, Вызов врача на дом (в пределах МКАД)",Клиника МЕДСИ на Ленинской Слободе,"г. Москва, ул. Ленинская Слобода, д. 26, стр. 6, ст. метро Автозаводская (БЦ Симоновский)",Регистратура: +7(495)-780-05-00,Режим работы: пн.-пт. 08:00-21:00; сб.-вс. 08:00-21:00
"Россия, г. Москва, пр-кт Ленинский, д. 20, стр. 1",55.7173612,37.5921466,Стандарт,"Поликлиника, Вызов врача на дом (в пределах МКАД)",Клиника МЕДСИ на Ленинском проспекте,"г. Москва, пр-кт Ленинский, д. 20, стр. 1, ст. метро Ленинский проспект",Регистратура: +7(495)-780-05-00,Режим работы: пн.-пт. 08:00-21:00; сб.-вс. 08:00-18:00
"Россия, г. Москва, пер. Гамсоновский, д. 2, корп. 6",55.7063376,37.6248807,Стандарт,"Поликлиника, Вызов врача на дом (в пределах МКАД)",Клиника МЕДСИ на Тульской,"г. Москва, пер. Гамсоновский, д. 2, корп. 6, ст. метро Тульская",Регистратура: +7(495)-780-05-00,Режим работы: пн.-пт. 08:00-21:00; сб.-вс. 08:00-18:00
"Россия, г. Москва, ул. Покрышкина, д. 7",55.6638984,37.469269,Стандарт,"Поликлиника, Вызов врача на дом (в пределах МКАД)",Клиника МЕДСИ на Покрышкина,"г. Москва, ул. Покрышкина, д. 7, ст. метро Юго-Западная",Регистратура: +7(495)-780-05-00,Режим работы: пн.-пт. 08:00-21:00; сб.-вс. 08:00-18:00
"Россия, г. Москва, ул. Фёдора Полетаева, д. 15А",55.7096691,37.7834411,Стандарт,"Поликлиника, Вызов врача на дом (в пределах МКАД)",Клиника МЕДСИ на Полетаева,"г. Москва, ул. Фёдора Полетаева, д. 15А, ст. метро Рязанский проспект",Регистратура: +7(495)-780-05-00,Режим работы: пн.-пт. 08:00-21:00; сб.-вс. 09:00-15:00
"Россия, г. Москва, ул. Авиационная, д. 77, корп. 2",55.8091417,37.4504792,Стандарт,"Поликлиника, Вызов врача на дом (в пределах МКАД)",Клиника МЕДСИ на Авиационной,"г. Москва, ул. Авиационная, д. 77, корп. 2, ст. метро Щукинская",Регистратура: +7(495)-780-05-00,Режим работы: пн.-пт. 08:00-21:00; сб.-вс. 09:00-15:00
"Россия, Московская область, г. Щелково, ул. Заречная, д. 8, корп. 2",55.9234008,38.01088970000001,Стандарт,"Поликлиника, Вызов врача на дом (в пределах территории обслуживания Исполнителя)",КДЦ МЕДСИ в г. Щелково,"обл. Московская, г. Щелково, ул. Заречная, д. 8, корп. 2",Регистратура: +7(495)-780-05-00,Режим работы: пн.-пт. 08:00-21:00; сб.-вс. 09:00-15:00
"Россия, г. Москва, ул. Кировоградская, д. 22Б",55.6148953,37.6037451,Стандарт,"Поликлиника, Вызов врача на дом (в пределах МКАД)","Клиника МЕДСИ на Пражской/ООО ""ПМЛ СМП""","г. Москва, ул. Кировоградская, д. 22Б, ст. метро Пражская",Регистратура: +7(495)-780-05-00,Режим работы: пн.-пт. 08:00-21:00; сб.-вс. 09:00-15:00
"Россия, г. Москва, проезд Лазоревый, д. 1А, корп. 2",55.8485805,37.6386203,Стандарт,"Поликлиника, Вызов врача на дом (в пределах МКАД)",Клиника МЕДСИ на Лазоревом проезде,"г. Москва, проезд Лазоревый, д. 1А, корп. 2, ст. метро Ботанический сад",Регистратура: +7(495)-780-05-00,Режим работы: пн.-сб. 08:00-20:00; вс. 09:00-17:00
"Россия, г. Москва, проезд Астрадамский, д. 4А, корп. 1",55.811102,37.561225,Стандарт,"Поликлиника, Вызов врача на дом (в пределах МКАД)",Клиника МЕДСИ на Астрадамском,"г. Москва, проезд Астрадамский, д. 4А, корп. 1, ст. метро Гражданская",Регистратура: +7(495)-780-05-00,Режим работы: пн.-пт. 08:00-21:00; сб. 09:00-20:00; вс. 09:00-19:00
"Россия, г. Москва, ул. Староалексеевская, д. 20",55.81012519999999,37.64458370000001,Стандарт,"Поликлиника, Вызов врача на дом (в пределах МКАД)",Клиника МЕДСИ на Староалексеевской,"г. Москва, ул. Староалексеевская, д. 20, ст. метро Алексеевская",Регистратура: +7(495)-780-05-00,Режим работы: пн.-пт. 08:00-17:00; сб.-вс. 09:00-17:00
"Россия, г. Москва, ул. Федосьино, д. 2",55.6344954,37.3432267,Стандарт,"Поликлиника, Вызов врача на дом (в пределах МКАД)",Клиника МЕДСИ на Федосьино,"г. Москва, ул. Федосьино, д. 2, ст. метро Рассказовка",Регистратура: +7(495)-780-05-00,Режим работы: пн.-вс. с 08.00 до 21:00
"Россия, г. Москва, пр-кт Пролетарский, д. 24",55.6365784,37.6563617,Стандарт,"Поликлиника, Вызов врача на дом (в пределах МКАД)",Клиника МЕДСИ на Пролетарском проспекте,"г. Москва, пр-кт Пролетарский, д. 24, ст. метро Кантемировская",Регистратура: +7(495)-780-05-00,Режим работы: пн.-вс. 08:00 до 21:00
"Россия, г. Москва, ш. Дмитровское, д. 107А, корп. 4",55.8794268,37.5412383,Стандарт,"Поликлиника, Вызов врача на дом (в пределах МКАД)",Клиника МЕДСИ на Дмитровском шоссе,"г. Москва, ш. Дмитровское, д. 107А, корп. 4, ст. метро Селигерская",Регистратура: +7(495)-780-05-00,"Режим работы: пн.-пт. 08:00 по 21:00, сб.-вск. 09:00 по 15:00"
"Россия, Московская область, г. Красногорск, бул. Ильинский, д. 7",55.8077804,37.3149712,Стандарт,"Поликлиника, Вызов врача на дом (в пределах МКАД)",Клиника МЕДСИ на Ильинском бульваре,"обл. Московская, г. Красногорск, бул. Ильинский, д. 7, ст. метро Тушинская",Регистратура: +7(495)-780-05-00,Режим работы: пн.-пт. 08:00-21:00; сб. 09:00-18:00; вс. 09:00-16:00
"Россия, Московская область, г. Котельники, ул. Сосновая, д. 5",55.67378919999999,37.8568797,Стандарт,"Поликлиника, Вызов врача на дом (в пределах МКАД)",Клиника МЕДСИ в Котельниках,"обл. Московская, г. Котельники, ул. Сосновая, д. 5, ст. метро Котельники",Регистратура: +7(495)-780-05-00,Режим работы: пн.-пт. 08:00-21:00; сб.-вс. 09:00-18:00
"Россия, г. Москва, ул. Первомайская, д. 25/26",55.7926601,37.7801815,Стандарт,"Поликлиника, Вызов врача на дом (в пределах МКАД)",Клиника МЕДСИ на Первомайской,"г. Москва, ул. Первомайская, д. 25/26, ст. метро Измайловская",Регистратура: +7(495)-780-05-00,Режим работы: пн.-пт. 08:00-21:00; сб.-вс. 09:00-15:00
"Россия, г. Москва, бул. Веласкеса, д. 6",55.5917361,37.45924979999999,Стандарт,"Поликлиника, Вызов врача на дом (в пределах МКАД)",Клиника МЕДСИ СмартЛаб на Веласкеса,"г. Москва, бул. Веласкеса, д. 6, ст. метро Прокшино",Регистратура: +7(495)-780-05-00,Режим работы: пн.- вс. 08:00-21:00
"Россия, г. Москва, ул. Васильцовский Стан, д. 11",55.7166206,37.7514951,Стандарт,"Поликлиника, Вызов врача на дом (в пределах МКАД)",Клиника МЕДСИ СмартЛаб на Васильцовском Стане,"г. Москва, ул. Васильцовский Стан, д. 11, ст. метро Текстильщики",Регистратура: +7(495)-780-05-00,Режим работы: пн.- вс. 08:00-21:00
"Россия, г. Москва, ул. Краснобогатырская, д. 90, стр. 2",55.8003025,37.711394,Стандарт,"Поликлиника, Вызов врача на дом (в пределах МКАД)",Клиника МЕДСИ на Краснобогатырской,"г. Москва, ул. Краснобогатырская, д. 90, стр. 2, ст. метро Преображенская площадь",Регистратура: +7(495)-780-05-00,Режим работы: пн.-пт. 08:00-21:00; сб.-вс. 09:00-15:00
"Россия, г. Москва, ул. Поляны, д. 5",55.5585456,37.5552387,Стандарт,"Поликлиника, Вызов врача на дом (в пределах МКАД)",Клиника МЕДСИ в Южном Бутово,"г. Москва, ул. Поляны, д. 5, ст. метро Улица Скобелевская",Регистратура: +7(495)-780-05-00,Режим работы: пн.-пт. 08:00-21:00; сб.-вс. 09:00-15:00
"Россия, г. Москва, ул. Гамалеи, д. 18",55.80105829999999,37.4577403,Стандарт,"Поликлиника, Вызов врача на дом (в пределах МКАД)",Клиника МЕДСИ на Гамалеи,"г. Москва, ул. Гамалеи, д. 18, ст. метро Щукинская",Регистратура: +7(495)-780-05-00,"Режим работы: пн-пт с 08:00 до 21:00, сб-вс с 09:00 до 21:00"
"Россия, г. Москва, ул. М.Полянка, д. 7/7, стр. 1",55.7347669,37.6170914,Стандарт,"Поликлиника, Вызов врача на дом (в пределах МКАД)",Клиника МЕДСИ на Полянке,"119180, г. Москва, ул. М.Полянка, д. 7/7, стр. 1, ст. метро Полянка",Регистратура: +7(495)-780-05-00,Режим работы: пн.-пт. 08:00-21:00; сб.-вс. 09:00-19:00
"Россия, Московская область, г. Мытищи, ул. Мира, д. 43",55.9209932,37.71578969999999,Стандарт,"Поликлиника, Вызов врача на дом (в пределах МКАД)",Клиника МЕДСИ на улице Мира (Мытищи),"обл. Московская, г. Мытищи, ул. Мира, д. 43",Регистратура: +7(495)-780-05-00,"Режим работы: пн.-пт с 08:00 до 21:00, сб. с 08:00 до 18:00, вс. С 08:00 до 16:00"
"Россия, Московская область, г. Мытищи, ул. Станционная, стр. 7",55.9534932,37.8020459,Стандарт,"Поликлиника, Вызов врача на дом (в пределах МКАД)",Клиника МЕДСИ на Станционной (Мытищи),"обл. Московская, г. Мытищи, ул. Станционная, стр. 7",Регистратура: +7(495)-780-05-00,"Режим работы: пн.-пт с 08:00 до 21:00, сб.-вс.. с 08:00 до 18:00"
"Россия, Московская область, г. Химки, пр-кт Мельникова, д. 5, корп. 1",55.9009647,37.4045682,Стандарт,"Поликлиника, Вызов врача на дом (в пределах МКАД)",Клиника МЕДСИ в Химках,"обл. Московская, г. Химки, пр-кт Мельникова, д. 5, корп. 1, ст. метро Планерная",Регистратура: +7(495)-780-05-00,"Режим работы: пн.-пт с 08:00 до 21:00, сб.-вс.. с 09:00 до 16:00"
"Россия, г. Москва, ул. 6-я Радиальная, д. 5, корп. 2",55.6044604,37.65979069999999,Стандарт,"Поликлиника, Вызов врача на дом (в пределах МКАД)",Клиника МЕДСИ на Радиальной,"г. Москва, ул. 6-я Радиальная, д. 5, корп. 2, ст. метро Царицино",Регистратура: +7(495)-780-05-00,"Режим работы: пн.-пт с 08:00 до 21:00, сб.-вс.. с 09:00 до 19:00"
"Россия, Московская область, г. Домодедово, ш. Каширское, д. 57",55.4332321,37.7676516,Стандарт,"Поликлиника, Вызов врача на дом (в пределах МКАД)",Клиника МЕДСИ в Домодедово,"обл. Московская, г. Домодедово, ш. Каширское, д. 57",Регистратура: +7(495)-780-05-00,"Режим работы: пн.-пт с 08:00 до 21:00, сб.с 09:00 до 18:00, вс.с 09:00 до 16:00"
"Россия, г. Москва, ул. Татьянин Парк, д. 19, корп. 3",55.65698099999999,37.426157,Стандарт,"Поликлиника, Вызов врача на дом (в пределах МКАД)",Клиника МЕДСИ СмартЛаб на улице Татьянин Парк,"г. Москва, ул. Татьянин Парк, д. 19, корп. 3, ст. метро Говорово",Регистратура: +7(495)-780-05-00,"Режим работы: пн.-пт с 08:00 до 17:00, сб.-вс.. с 08:00 до 15:00"
"Россия, г. Москва, бул. Чонгарский, д. 5, корп. 2",55.6525385,37.6145029,Стандарт,"Поликлиника, Вызов врача на дом (в пределах МКАД)","Клиника МЕДСИ на Варшавской/ООО ""Клиника на Варшавской""","г. Москва, бул. Чонгарский, д. 5, корп. 2, ст. метро Варшавская",Регистратура: +7(495)-780-05-00,"Режим работы: пн.-пт с 08:00 до 17:00, сб.-вс.. с 08:00 до 15:00"
"Россия, г. Москва, ул. Ярцевская, д. 14, ",55.7375334,37.4118317,Стандарт,"Поликлиника, Вызов врача на дом (в пределах МКАД)",Клиника МЕДСИ СмартЛаб на Ярцевской,"г. Москва, ул. Ярцевская, д. 14, ст. метро Молодежная",Регистратура: +7(495)-780-05-00,"Режим работы: пн.-пт с 08:00 до 21:00, сб.-вс.. с 08:00 до 15:00"
"Россия, Московская область, г. Королев, бул. Октябрьский, д. 26",55.9186703,37.8214489,Стандарт,"Поликлиника, Вызов врача на дом (в пределах территории обслуживания Исполнителя)","Клиника ""МЕДСИ"" в Королеве","обл. Московская, г. Королев, бул. Октябрьский, д. 26",Регистратура: +7(495)-780-05-00,"Режим работы: пн.-пт с 08:00 до 17:00, сб.-вс.. с 08:00 до 15:00"
"Россия, Московская область, г. Одинцово, ул. Молодежная, д. 25",55.6790921,37.2730871,Стандарт,"Поликлиника, Вызов врача на дом (в пределах МКАД)",Клиника МЕДСИ в Одинцово,"обл Московская, г. Одинцово, ул. Молодежная, д. 25",Регистратура: +7(495)-780-05-00,пн.-пт. 08:00-21:00; сб.-вс. 09:00-16:00
"Россия, г. Москва, ул Дубнинская, д 10, к 1",55.86088,37.569251,Стандарт,"Поликлиника, Вызов врача на дом (в пределах МКАД)",Клиника МЕДСИ на Дубнинской,"г Москва, ул Дубнинская, д 10, к 1, ст. метро Верхние Лихоборы",Регистратура: +7(495)-780-05-00,пн.-пт. 08:00-21:00; сб.-вс. 09:00-18:00
"Россия, г. Москва, ул. Новочерёмушкинская, д. 16",55.6834064,37.5800203,Стандарт,"Поликлиника, Вызов врача на дом (в пределах МКАД)",Клиника МЕДСИ на Новочеремушкинской,"г. Москва, ул. Новочерёмушкинская, д. 16, ст. метро Академическая",Регистратура: +7(495)-780-05-00,пн.-пт. 08:00-21:00; сб.-вс. 10:00-18:00
"Россия, г. Москва, бул. Северный, д. 2",55.8645144,37.6063159,Стандарт,"Поликлиника, Вызов врача на дом (в пределах МКАД)",Клиника МЕДСИ СмартЛаб на Северном бульваре,"г. Москва, бул. Северный, д. 2, ст. метро Отрадное",Регистратура: +7(495)-780-05-00,пн.-вс. 08:00-18:00
"Россия, Московская область, пос. Малаховка, ул. Пушкина, д. 14",55.65438779999999,38.0040977,Стандарт,"Поликлиника, Вызов врача на дом (в пределах МКАД)",Клиника МЕДСИ в Малаховке,"обл. Московская, пос. Малаховка, ул. Пушкина, д. 14",Регистратура: +7(495)-780-05-00,Режим работы: пн.-вс.. с 08:00 до 20:00
"Россия, Московская область, г. Долгопрудный, ш. Старое Дмитровское, д. 15, корп. 1",55.9629377,37.527818,Стандарт,"Поликлиника, Вызов врача на дом (в пределах МКАД)",Клиника МЕДСИ в Долгопрудном,"обл. Московская, г. Долгопрудный, ш. Старое Дмитровское, д. 15, корп. 1",Регистратура: +7(495)-780-05-00,Режим работы: пн.-вс с 08:00 до 20.00
"Россия, г. Москва, ул. Кулакова, д. 16, корп. 1",55.807254,37.394393,Стандарт,"Поликлиника, Вызов врача на дом (в пределах МКАД)",Клиника МЕДСИ в Строгино,"г. Москва, ул. Кулакова, д. 16, корп. 1, ст. метро Строгино",Регистратура: +7(495)-780-05-00,Режим работы: пн.-пт. 08:00-21:00; сб.-вс. 09:00-16:00
"Россия, Московская область, г. Реутов, ул. Реутовских ополченцев, д. 6",55.77261069999999,37.8463641,Стандарт,"Поликлиника, Вызов врача на дом (в пределах МКАД)",Клиника МЕДСИ в Реутове,"обл. Московская, г. Реутов, ул. Реутовских ополченцев, д. 6, ст. метро Новогиреево",Регистратура: +7(495)-780-05-00,Режим работы: пн.-пт. 08:00-20:00; сб.-вс. 09:00-20:00
"Россия, г. Москва, ш. Пятницкое, д. 37",55.7386977,37.6286267,Стандарт,"Поликлиника, Вызов врача на дом (в пределах МКАД)",Клиника МЕДСИ в Митино,"г. Москва, ш. Пятницкое, д. 37, ст. метро Пятницкое шоссе",Регистратура: +7(495)-780-05-00,Режим работы: пн.-пт. 08:00-21:00; сб.-вс. 09:00-19:00
"Россия, г. Москва, ул. Старокачаловская, д. 3, корп. 3",55.569055,37.581894,Стандарт,"Поликлиника, Вызов врача на дом (в пределах МКАД)",Клиника МЕДСИ в Бутово,"г. Москва, ул. Старокачаловская, д. 3, корп. 3, ст. метро Бульвар Дмитрий Донского",Регистратура: +7(495)-780-05-00,Режим работы: пн.-пт. 08:00-21:00; сб.-вс. 09:00-20:00
"Россия, г. Москва, ул. Дубининская, д. 57, стр. 8",55.7201028,37.6356976,Стандарт,"Поликлиника, Вызов врача на дом (в пределах МКАД)",Клиника МЕДСИ на Дубининской,"г. Москва, ул. Дубининская, д. 57, стр. 8, ст. метро Серпуховская",Регистратура: +7(495)-780-05-00,Режим работы: пн.-пт. 08:00-21:00; сб.-вс. 08:00-20:00
"Россия, Московская область, г. Ступино, ул. Андропова, д. 64; 48/22",54.8879116,38.064281,Стандарт,"Поликлиника, Вызов врача на дом (в пределах территории обслуживания Исполнителя)",Клиника МЕДСИ в Ступино,"обл. Московская, г. Ступино, ул. Андропова, д. 64; 48/22",Регистратура: +7(495)-780-05-00,Режим работы: пн.-пт. 08:00-20:00; сб.-вс. 08:00-16:00
"Россия, Московская область, г. Ступино, ул. Службина, д. 2",54.88098249999999,38.067231,Стандарт,"Поликлиника, Вызов врача на дом (в пределах территории обслуживания Исполнителя)",Клиника МЕДСИ в Ступино,"обл. Московская, г. Ступино, ул. Службина, д. 2",Регистратура: +7(495)-780-05-00,Режим работы: ппн.-пт. 08:00-20:00; сб.-вс. 08:00-16:00
"Россия, Московская область, г. Красногорск, пос. Отрадное, вл. 2, стр. 1",55.87490409999999,37.3112174,Стандарт,"Поликлиника, Вызов врача на дом (в пределах МКАД)",Клиника МЕДСИ в Отрадном,"обл. Московская, г. Красногорск, пос. Отрадное, вл. 2, стр. 1, ст. метро Пятницкое шоссе",Регистратура: +7(495)-780-05-00,Режим работы: пн-пт 08:00-21:00 сб-вс 09:00-15:00
"Россия, г. Москва, ул. Кольская, д. 2, корп. 3",55.8588739,37.6560759,Стандарт,"Поликлиника, Вызов врача на дом (в пределах МКАД)",АО «Медицинские услуги» /Поликлиника №6,"г. Москва, ул. Кольская, д. 2, корп. 3, ст. метро Свиблово",Регистратура: +7(495) 474-00-00,Режим работы: пн-пт 08:00-20:00 сб-09:00-18:00 вс 09:00-15:00
"Россия, г. Москва, ул. Строителей, д. 6, корп. 1",55.68753599999999,37.535774,Стандарт,"Поликлиника, Вызов врача на дом (в пределах МКАД)","АО""Медицинские услуги""/Поликлиника на ул. Строителей","г. Москва, ул. Строителей, д. 6, корп. 1, ст. метро Университет",Регистратура:  8 (495) 474-00-00,"Режим работы: пн-пт 08:00-20:30, сб 09:00 по 19:00"
"Россия, г. Москва, ул. 2-я Фрунзенская, д. 9",55.723271,37.579725,Стандарт,"Поликлиника, Вызов врача на дом (в пределах МКАД)","АО ""Медицинские услуги""/Детский центр диагностики и лечения им. Н.А.Семашко","г. Москва, ул. 2-я Фрунзенская, д. 9, ст. метро Фрунзенская",8(495) 474-00-00,Режим работы: пн-пт 08:00-21:00
"Россия, г. Москва, ул. Большая Почтовая, д. 1/33",55.7736321,37.6875029,Стандарт,"Поликлиника, Вызов врача на дом (в пределах МКАД)","АО ""Медицинские услуги""/Детский центр диагностики и лечения им. Н.А.Семашко","г. Москва, ул. Большая Почтовая, д. 1/33, ст. метро Бауманская",тел.: (495) 474-00-00,Режим работы: пн-пт 08:00-21:00
"Россия, г. Москва, ул. Житная, д. 10",55.73037,37.6186596,Стандарт,"Поликлиника, Вызов врача на дом (в пределах МКАД)","АО ""Медицинские услуги""/Поликлиника №2 им.Семашко","119049, г. Москва, ул. Житная, д. 10, ст. метро Добрынинская",Регистратура: 8 (495) 474-00-00,"Режим работы: Пн - Пт.: 8.00 до 20.00 Сб.: 9.00 до 18.00, вск.-выходной"
"Россия, г. Москва, ул. Фестивальная, д. 47",55.85868,37.486035,Стандарт,"Поликлиника, Вызов врача на дом (в пределах МКАД)","ООО ""МедлайН-Сервис""/ ООО ""МЕДЛАЙН""","125195, г. Москва, ул. Фестивальная, д. 47, ст. метро Речной вокзал",Регистратура: +7(495)-758-00-00,Режим работы: пн.-сб. 08:00-21:00; вс. 09:00-20:00
"Россия, г. Москва, ш. Рублёвское, д. 99, корп. 1, ",55.7424823,37.4237969,Стандарт,"Поликлиника, Вызов врача на дом (в пределах МКАД)","ООО ""МедлайН-Сервис""/ООО ""СОНЭТ""","г. Москва, ш. Рублёвское, д. 99, корп. 1, ст. метро Молодежная",Регистратура: +7(495)-758-00-00,Режим работы: пн.-сб. 08:00-21:00; вс. 09:00-20:00
"Россия, г. Москва, ул Митинская, д 57",55.8553134,37.352206,Стандарт,"Поликлиника, Вызов врача на дом (в пределах МКАД)","ООО ""МедлайН-Сервис""/ООО ""СОНЭТ""","г Москва, ул Митинская, д 57",Регистратура: +7(495)-758-00-00,Режим работы: пн.-сб. 08:00-21:00; вс. 09:00-20:00
"Россия, г. Москва, ул Грайвороновская, д 6, стр 1",55.7186052,37.72770240000001,Стандарт,"Поликлиника, Вызов врача на дом (в пределах МКАД)","ООО ""МедлайН-Сервис""","г Москва, ул Грайвороновская, д 6, стр 1, ст. метро Текстильщики",Регистратура: +7(495)-758-00-00,Режим работы: пн-пт 08:00-21:00 сб 09:00-20:00 вс 10:00-19:00
"Россия, г. Москва, пр-кт Мичуринский, д. 31, корп. 7",55.6952802,37.4988286,Стандарт,"Поликлиника, Вызов врача на дом (в пределах МКАД)","ООО ""МедлайН-Сервис""/ООО ""СОНЭТ""","г. Москва, пр-кт Мичуринский, д. 31, корп. 7, ст. метро Раменки",Регистратура: +7(495)-758-00-00,Режим работы: пн-пт 08:00-21:00 сб 09:00-20:00 вс 10:00-19:00
"Россия, г. Москва, ш. Варшавское, д. 158, корп. 1",55.5853878,37.5964597,Стандарт,"Поликлиника, Вызов врача на дом (в пределах МКАД)","ООО ""МедлайН-Сервис""/ООО ""СОН-МЕД""","117405, г. Москва, ш. Варшавское, д. 158, корп. 1, ст. метро Аннино",Регистратура: +7(495)-758-00-00,Режим работы: пн-пт 08:00-20:30 сб 09:00-20:00 вс 10:00-19:00
"Россия, г. Москва, ул. Берзарина, д. 17, корп. 2",55.787955,37.479036,Стандарт,"Поликлиника, Вызов врача на дом (в пределах МКАД)","ООО ""МедлайН-Сервис""/ООО ""СОН-МЕД""","г. МОСКВА, ул. Берзарина, д. 17, корп. 2, ст. метро Октябрьское поле",Регистратура: +7(495)-758-00-00,Режим работы: пн-пт 08:00-20:30 сб 09:00-20:00 вс 10:00-19:00
"Россия, г. Москва, ш. Ярославское, д. 144",55.87924760000001,37.722967,Стандарт,"Поликлиника, Вызов врача на дом (в пределах МКАД)","ООО ""МедлайН-Сервис""","129347, г. Москва, ш. Ярославское, д. 144, ст. метро Бабушкинская",Регистратура: +7(495)-758-00-00,Режим работы: пн-пт 08:00-20:30 сб 09:00-20:00 вс 10:00-19:00
"Россия, г. Москва, ул. Героев Панфиловцев, д. 8, корп. 1",55.8548096,37.4391897,Стандарт,"Поликлиника, Вызов врача на дом (в пределах МКАД)","ООО ""МедлайН-Сервис""/ООО ""СОН-МЕД""","125480, г. Москва, ул. Героев Панфиловцев, д. 8, корп. 1, ст. метро Сходненская",Регистратура: +7(495)-758-00-00,Режим работы: пн-пт 08:00-20:30 сб 09:00-20:00 вс 10:00-19:00
"Россия, г. Москва, ш. Хорошевское, д. 62",55.7787026,37.5320074,Стандарт,"Поликлиника, Вызов врача на дом (в пределах МКАД)","ООО ""МедлайН-Сервис""/ООО ""СОН-МЕД""","123007, г. Москва, ш. Хорошевское, д. 62, ст. метро Полежаевская",Регистратура: +7(495)-758-00-00,Режим работы: пн-пт 08:00-20:30 сб 09:00-20:00 вс 10:00-19:00
"Россия, г. Москва, бул. Цветной, д. 30, корп. 2",55.772594,37.622819,Стандарт,"Поликлиника, Вызов врача на дом (в пределах МКАД)","Сеть ""Он Клиник""/ ООО ""Он Клиник""","г. Москва, бул. Цветной, д. 30, корп. 2, ст. метро Цветной бульвар, Трубная",Регистратура: +7(495)-258-25-26,Режим работы: пн.-пт. 09:00-21:00; сб. 09:00-14:00
"Россия, г. Москва, ул. Большая Молчановка, д. 32, стр. 1",55.7535542,37.5884433,Стандарт,"Поликлиника, Вызов врача на дом (в пределах МКАД)","Сеть ""Он Клиник""/ ООО ""Здоровье люкс""","г. Москва, ул. Большая Молчановка, д. 32, стр. 1, ст. метро Арбатская, Смоленская",Регистратура: +7(495)-266-86-29,Режим работы: пн.-пт. 09:00-21:00; сб.-вс. 09:00-21:00
"Россия, г. Москва, ул. Воронцовская, д. 8, стр. 6",55.7392189,37.6559029,Стандарт,"Поликлиника, Вызов врача на дом (в пределах МКАД)","Сеть ""Он Клиник""/ ООО «Он Клиник люкс»","г. Москва, ул. Воронцовская, д. 8, стр. 6, ст. метро Таганская",Регистратура: +7(495)-266-86-29,Режим работы: пн.-пт. 09:00-21:00; сб.-вс. 09:00-21:00
"Россия, г. Москва, бул. Зубовский, д. 35, стр. 1",55.737557,37.587133,Стандарт,"Поликлиника, Вызов врача на дом (в пределах МКАД)","Сеть ""Он Клиник""/ ООО ""Он Клиник на Зубовском""","г. Москва, бул. Зубовский, д. 35, стр. 1, ст. метро Парк Культуры",Регистратура: +7(495)-266-86-29,Режим работы: пн.-пт. 09:00-21:00; сб.-вс. 09:00-21:00
"Россия, г. Москва, пер. Товарищеский, д. 8, стр. 1",55.7421477,37.66208410000001,Стандарт,"Поликлиника, Вызов врача на дом (в пределах МКАД)","Сеть ""Креде Эксперто"" / ООО Клиника ""Креде Эксперто""","г. Москва, пер. Товарищеский, д. 8, стр. 1, ст. метро Марксистская",Регистратура: +7(495)-232-48-40,Режим работы: пн.-пт. 08:00-21:00; сб.-вс. 08:00-21:00
"Россия, г. Москва, пер. Товарищеский, д. 10, стр. 1",55.7423483,37.66224649999999,Стандарт,"Поликлиника, Вызов врача на дом (в пределах МКАД)","Сеть ""Креде Эксперто"" / ООО Клиника ""Креде Эксперто""","г. Москва, пер. Товарищеский, д. 10, стр. 1, ст. метро Марксистская",Регистратура: +7(495)-232-48-40,Режим работы: пн.-пт. 08:00-21:00; сб.-вс. 08:00-21:00
"Россия, г. Москва, г Москва, ш. Каширское, д. 74, корп. 1",55.6424673,37.6783804,Стандарт,"Поликлиника, Вызов врача на дом (в пределах МКАД)","Сеть ""Медквадрат""/ ООО ""Медквадрат""","г Москва, г Москва, ш. Каширское, д. 74, корп. 1, ст. метро Каширская",Регистратура:(495) 609 69 79,"Режим работы:пн.-пт. 09.00-21.00,  сб., вс. - 10.00-16.00"
"Россия, г. Москва, ул. Ландышева, д. 14, корп. 1",55.884691,37.3884929,Стандарт,"Поликлиника, Вызов врача на дом (в пределах МКАД)","Сеть ""Медквадрат""/ ООО ""Престиж и Качество""","г. Москва, ул. Ландышева, д. 14, корп. 1, ст. метро Планерная",Регистратура: +7(495)-609-66-93,Режим работы: пн.-пт. 09:00-21:00; сб.-вс. 10:00-16:00
"Россия, г. Москва, ул. Воротынская, д. 4",55.8877408,37.4014471,Стандарт,"Поликлиника, Вызов врача на дом (в пределах МКАД)","Сеть ""Медквадрат""/ ООО ""Медквадрат-Куркино""","125466, г. Москва, ул. Воротынская, д. 4, ст. метро Планерная",Регистратура: +7(495)-609-66-93,Режим работы: пн.-пт. 09:00-21:00; сб.-вс. 10:00-16:00
"Россия, г. Москва, пр-кт Ленинский, д. 66, пом.1",55.6908142,37.5487573,Стандарт,"Поликлиника, Вызов врача на дом (в пределах МКАД)",МЦ «НЕБОЛИТ»/Андреевские больницы,"г. Москва, пр-кт Ленинский, д. 66, пом.1, ст. метро Университет",Регистратура: +7(495) 651-21-45,Режим работы: пн-пт 08:00-21:00 сб 10:00-18:00 вс 10:00-16:00
"Россия, г. Москва, ш. Варшавское, д. 89",55.65170699999999,37.620619,Стандарт,"Поликлиника, Вызов врача на дом (в пределах МКАД)","МЦ ""НЕБОЛИТ""/Андреевские больницы","г. Москва, ш. Варшавское, д. 89, ст. метро Варшавская",Регистратура: +7(499) 323-98-33,"Режим работы: пн.-пт. 09.00-20.00, суб. 10.00-16.00, вск. 10.00-15.00"
"Россия, Московская область, г. Королев, ул. Пионерская, д. 30, корп. 9",55.91029529999999,37.81817789999999,Стандарт,"Поликлиника, Вызов врача на дом (в пределах территории обслуживания Исполнителя)","МЦ ""НЕБОЛИТ""/Андреевские больницы","обл. Московская, г. Королев, ул. Пионерская, д. 30, корп. 9",Регистратура: +7(495)-518-92-72,Режим работы: пн.-пт. 09:00-20:00; сб.-вс. 10:00-16:00
"Россия, г. Москва, ш. Варшавское, д. 126",55.6262189,37.6151604,Стандарт,"Поликлиника, Вызов врача на дом (в пределах МКАД)","ООО ""Медико-оздоровительный центр Южный"".","117587, г. Москва, ш. Варшавское, д. 126, ст. метро Южная","тел.: (495) 315-37-22, 315-51-63, многоканальный (495) 660-38-38",Режим работы: пн-пт 09:00-20:00
"Россия, г. Москва, ул. Красная, пресня, д. 30, стр. 1",55.7622872,37.5683123,Стандарт,"Поликлиника, Вызов врача на дом (в пределах МКАД)","Сосудистая клиника МОЦ ""Южный""","117587, г. Москва, ул. Красная, пресня, д. 30, стр. 1, ст. метро Улица 1905 года","(499) 252-29-79,  (499) 252-54-42, многоканальный (495) 660-38-38",Режим работы: пн-пт 09:00-21:00 сб-вс 09:00-17:00
"Россия, г. Москва, ул. 1-я Миусская, д. 2, стр. 3",55.7778534,37.5977234,Стандарт,"Поликлиника, Вызов врача на дом (в пределах МКАД)","ООО ""МК ""Семейный доктор"" Корпус № 1","г. Москва, ул. 1-я Миусская, д. 2, стр. 3, ст. метро Менделеевская",Регистратура: +7(495)-775-75-66,Режим работы: пн.-пт. 08:00-21:00; сб. 09:00-20:00; вс. 09:00-15:00
"Россия, г. Москва, ул. Усачева, д. 33, стр. 3",55.723102,37.561566,Стандарт,"Поликлиника, Вызов врача на дом (в пределах МКАД)","ООО ""МК ""Семейный доктор"" Корпус № 2","г. Москва, ул. Усачева, д. 33, стр. 3, ст. метро Спортивная",Регистратура: +7(495)-775-75-66,Режим работы: пн.-пт. 08:00-21:00; сб. 09:00-20:00; вс. 09:00-15:00
"Россия, г. Москва, наб. Озерковская, д. 4",55.74239499999999,37.6356144,Стандарт,"Поликлиника, Вызов врача на дом (в пределах МКАД)","ООО ""МК ""Семейный доктор"" Корпус № 4","г. Москва, наб. Озерковская, д. 4, ст. метро Новокузнецкая",Регистратура: +7(495)-775-75-66,Режим работы: пн.-пт. 08:00-21:00; сб. 09:00-20:00; вс. 09:00-15:00
"Россия, г. Москва, ул. Бауманская, д. 58/25, корп. 12, стр 2",55.7671573,37.678601,Стандарт,"Поликлиника, Вызов врача на дом (в пределах МКАД)","ООО ""МК ""Семейный доктор"" Корпус № 6","г. Москва, ул. Бауманская, д. 58/25, корп. 12, стр 2, ст. метро Бауманская",Регистратура: +7(495)-775-75-66,Режим работы: пн.-пт. 08:00-21:00; сб. 09:00-20:00; вс. 09:00-15:00
"Россия, г. Москва, ул. Новая Басманная, д. 10, стр. 1",55.7694097,37.6557811,Стандарт,"Поликлиника, Вызов врача на дом (в пределах МКАД)","ООО ""Поликлиника.ру""","г. Москва, ул. Новая Басманная, д. 10, стр. 1, ст. метро Красные ворота",Регистратура: +7(495)-925-88-78,Режим работы: пн.-пт. 08:00-21:00; сб.-вс. 08:00-21:00
"Россия, г. Москва, пер. Столярный, д. 7, корп. 2",55.763282,37.566147,Стандарт,"Поликлиника, Вызов врача на дом (в пределах МКАД)","ООО ""Поликлиника.ру""","г. Москва, пер. Столярный, д. 7, корп. 2, ст. метро Улица 1905 года",Регистратура: +7(495)-925-88-78,Режим работы: пн.-сб. 09:00-21:00; вс. 10:00-21:00
"Россия, Московская область, г. Зеленоград, корп. 2027",55.9746809,37.1712555,Стандарт,"Поликлиника, Вызов врача на дом (в пределах территории обслуживания Исполнителя)","ООО ""Поликлиника.ру""","г. Зеленоград, корп. 2027",Регистратура: +7(495)-925-88-78,Режим работы: пн.-пт. 08:00-22:00;сб-вс 09:00-22.00
"Россия, г. Москва, ул. Большая Полянка, д. 42, стр. 4",55.7325324,37.6189842,Стандарт,"Поликлиника, Вызов врача на дом (в пределах МКАД)","ООО ""Поликлиника.ру""","г. Москва, ул. Большая Полянка, д. 42, стр. 4, ст. метро Полянка",Регистратура: +7(495)-925-88-78,Режим работы: пн.-пт. 08:00-21:00; сб.-вс. 08:00-21:00
"Россия, г. Москва, ул. Крутицкий Вал, д. 26, стр. 2",55.7289249,37.6634603,Стандарт,"Поликлиника, Вызов врача на дом (в пределах МКАД)","ООО ""Поликлиника.ру""","г. Москва, ул. Крутицкий Вал, д. 26, стр. 2, ст. метро Пролетарская",Регистратура: +7(495)-925-88-78,Режим работы: пн.-пт. 08:00-22:00; сб.-вс. 08:00-22:00
"Россия, г. Москва, ул. Дорожная, д. 32, стр. 1",55.59104499999999,37.6116799,Стандарт,"Поликлиника, Вызов врача на дом (в пределах МКАД)","ООО ""Поликлиника.ру""","г. Москва, ул. Дорожная, д. 32, стр. 1, ст. метро Академика Янгеля",Регистратура: +7(495)-925-88-78,Режим работы: пн.-пт. 08:00-21:00
"Россия, г. Москва, ул. Таганская, д. 32/1, стр. 17",55.739028,37.664503,Стандарт,"Поликлиника, Вызов врача на дом (в пределах МКАД)","ООО ""Поликлиника.ру""","г. Москва, ул. Таганская, д. 32/1, стр. 17, ст. метро Марксистская",Регистратура: +7(495)-925-88-78,Режим работы: пн.-пт. 08:00-21:00; сб.-вс. 08:00-21:00
"Россия, г. Москва, проезд 1-й Кожуховский, д. 9",55.70631710000001,37.6607012,Стандарт,"Поликлиника, Вызов врача на дом (в пределах МКАД)","ООО ""Поликлиника.ру""","г. Москва, проезд 1-й Кожуховский, д. 9, ст. метро Автозаводская",Регистратура: +7(495)-925-88-78,Режим работы: пн.-пт. 08:00-21:00; сб.-вс. 08:00-21:00
"Россия, г. Москва, пер. 1-й Смоленский, д. 17, стр. 3",55.74872,37.57844840000001,Стандарт,"Поликлиника, Вызов врача на дом (в пределах МКАД)","ООО ""Поликлиника.ру""","г. Москва, пер. 1-й Смоленский, д. 17, стр. 3, ст. метро Смоленская",Регистратура: +7(495)-925-88-78,Режим работы: пн.-пт. 08:00-21:00; сб.-вс. 08:00-21:00
"Россия, г. Москва, пр-кт Комсомольский, д. 24, стр. 1",55.7284956,37.5808909,Стандарт,"Поликлиника, Вызов врача на дом (в пределах МКАД)","ООО ""Поликлиника.ру""","г. Москва, пр-кт Комсомольский, д. 24, стр. 1, ст. метро Фрунзенская",Регистратура: +7(495)-925-88-78,Режим работы: пн.-пт. 08:00-21:00; сб.-вс. 08:00-21:00
"Россия, г. Москва, пер. Большой Сухаревский, д. 19, стр. 2",55.77103899999999,37.629826,Стандарт,"Поликлиника, Вызов врача на дом (в пределах МКАД)","ООО ""Поликлиника.ру""","г. Москва, пер. Большой Сухаревский, д. 19, стр. 2, ст. метро Сухаревская",Регистратура: +7(495)-925-88-78,Режим работы: пн.-пт. 08:00-21:00; сб.-вс. 08:00-21:00
"Россия, г. Москва, пр-д Китайгородский, д. 7",55.7526145,37.6336136,Стандарт,"Поликлиника, Вызов врача на дом (в пределах МКАД)","ФГБУ ""НМИЦ ТПМ"" Минздрава России/ КДЦ Китайгородский","г. Москва, пр-д Китайгородский, д. 7, ст. метро Китай-Город",Тел.: (495) 212-07-13,Режим работы: пн-пт 08:00-20:00
"Россия, г. Москва, пер. Петроверигский, д. 10, стр. 3",55.756499,37.6379597,Стандарт,"Поликлиника, Вызов врача на дом (в пределах МКАД)","ФГБУ ""НМИЦ ТПМ"" Минздрава России/ КДЦ Петроверигский","г. Москва, пер. Петроверигский, д. 10, стр. 3, ст. метро Китай-Город",Регистратура: +7(495)-212-07-13,Режим работы: пн-пт 08:00-19:00 сб 09:00-15:00
"Россия, г. Москва, ул. Заморенова, д. 27",55.7606324,37.5671217,Стандарт,"Поликлиника, Вызов врача на дом (в пределах МКАД)","ГБУЗ г.Москвы  ""Городская поликлиника №220"" ДЗМ","123022, г. Москва, ул. Заморенова, д. 27, ст. метро Улица 1905 года","Регистратура: (499) 255 14-33, (499) 255 54-04.",Режим работы: пн-пт 08:00-20:00 сб 09:00-15:00
"Россия, г. Москва, ул. 1-я Аэропортовская, д. 5",55.80140979999999,37.5355485,Стандарт,"Поликлиника, Вызов врача на дом (в пределах МКАД)","ЗАО ""Центральная поликлиника Литфонда""","г. Москва, ул. 1-я Аэропортовская, д. 5, ст. метро Аэропорт",Регистратура: (495) 150-60-01,Режим работы: пн-пт 08:00-20:00 сб 09:00-15:00
"Россия, г. Москва, ул. Тимура Фрунзе, д. 15/1",55.736785,37.585044,Стандарт,"Поликлиника, Вызов врача на дом (в пределах МКАД)",ООО «Лечебный Центр»,"г. Москва, ул. Тимура Фрунзе, д. 15/1, ст. метро Парк Культуры",Регистратура: +7(495)-786-45-25,Режим работы: пн-вс 08:00-21:00
"Россия, г. Москва, ул. Нижегородская, д. 28",55.7369457,37.6876427,Стандарт,"Поликлиника, Вызов врача на дом (в пределах МКАД)","Филиал ФБЛПУ ""ЛРЦ ""Подмосковье"" ФНС России""","г. Москва, ул. Нижегородская, д. 28, ст. метро Римская",Регистратура: 670-35-04. Запись к врачу: 678-01-11. Стоматология: 678-06-92. Справочная: 670-60-64.,Режим работы: пн-пт 08:00-20:00
"Россия, г. Москва, пр-кт Ленинский, д. 37",55.711084,37.5865648,Стандарт,"Поликлиника, Вызов врача на дом (в пределах МКАД)","МУ ""Поликлиника ""ФНПР""","г. Москва, пр-кт Ленинский, д. 37, ст. метро Ленинский проспект",Регистратура: +7(495)-952-42-45,Режим работы: пн-пт 08:00-21:00 сб-09:00-15:00
"Россия, г. Москва, пер. Пестовский, д. 16, стр. 3",55.7465346,37.661435,Стандарт,"Поликлиника, Вызов врача на дом (в пределах МКАД)",ООО «Клиника Профессиональной Медицины» на Таганке/Vesna (Весна),"г. Москва, пер. Пестовский, д. 16, стр. 3, ст. метро Таганская",Регистратура: +7(495)-638-50-53,Режим работы: пн.-пт. 08:00-17:00
"Россия, г. Москва, ул. Скаковая, д. 16",55.78133889999999,37.5662143,Стандарт,"Поликлиника, Вызов врача на дом (в пределах МКАД)","ФГБУ ""52 КДЦ"" Минобороны России / Поликлиника №39","125040, г. Москва, ул. Скаковая, д. 16, ст. метро Белорусская","Регистратура: +7(495) 612-90-50, +7(495) 612-90-48",Режим работы: пн-пт 08:00-19:00
"Россия, г. Москва, ул. Садовая-Спасская, д. 11/1",55.770283,37.645314,Стандарт,"Поликлиника, Вызов врача на дом (в пределах МКАД)","ФГБУ ""УСЗ"" при Минсельхозе России","г. Москва, ул. Садовая-Спасская, д. 11/1, ст. метро Красные ворота",Регистратура: +7(495) 745-28-70,Режим работы: пн-пт 09:00-19:30
"Россия, г. Москва, ул. Сущевский вал, д. 24",55.7923307,37.606302,Стандарт,"Поликлиника, Вызов врача на дом (в пределах МКАД)",ЦМСЧ № 119 ФМБА России,"г. Москва, ул. Сущевский вал, д. 24, ст. метро Марьина Роща","Регистратура: 8(499)972-09-46, 8(499)972-04-00 Вызов врача на дом: 8(499)972-17-23.",Режим работы: пн-пт 08:00-19:00 сб 09:00-12:00
"Россия, г. Москва, ул. Планетная, д. 3, корп. 3",55.797855,37.549542,Стандарт,"Поликлиника, Вызов врача на дом (в пределах МКАД)","ФГБУ ""52 КДЦ"" Минобороны России","г. Москва, ул. Планетная, д. 3, корп. 3, ст. метро Динамо",Регистратура: (495) 612-81-04.,Режим работы: пн-пт 08:00-20:00 сб 08:00-11:00
"Россия, г. Москва, бул. Сретенский, д. 6/1, стр. 2",55.7673228,37.63186640000001,Стандарт,"Поликлиника, Вызов врача на дом (в пределах МКАД)",ФГБУЗ «Поликлиника №1 РАН»,"г. Москва, бул. Сретенский, д. 6/1, стр. 2, ст. метро Чистые пруды","Регистратура: 621-69-03, 624-96-09, стоматология 628-31-54 Вызов врача на дом: пн. – пт. 08.00-12.00, 628-85-95.","Режим работы: пн-пт 08:00-21:00, сб 09.00-15.00"
"Россия, г. Москва, пер. Большой Черкасский, д. 13",55.7570786,37.6269005,Стандарт,"Поликлиника, Вызов врача на дом (в пределах МКАД)","ЗАО ""Коопвнешторг""/Медицинский центр","г. Москва, пер. Большой Черкасский, д. 13, ст. метро Китай-Город",Регистратура: +7(495)-229-04-98,Режим работы: пн.-пт. 08:00-20:00; сб. 09:00-15:00
"Россия, г. Москва, ул. Давыдковская, д. 5",55.5862415,37.201888,Стандарт,"Поликлиника, Вызов врача на дом (в пределах МКАД)",Evolutis clinic / ООО «Лечебно-диагностический центр «Кутузовский»,"г. Москва, ул. Давыдковская, д. 5, ст. метро Славянский Бульвар",Регистратура: +7(495) 478-10-03,Режим работы: пн.-пт. 08:00-21:00; сб. 09:00-18:00; вс. 09:00-16:00
"Россия, г. Москва, пер. Большой Афанасьевский, д. 11-13",55.746238,37.596733,Стандарт,"Поликлиника, Вызов врача на дом (в пределах МКАД)","МСЧ-Филиал ФБУ ""ГИЛС и НП"" / ранее МСЧ ""Центромед"" Минпромторга России","г. Москва, пер. Большой Афанасьевский, д. 11-13, ст. метро Кропоткинская","тел.: (495) 697-5605, 697-3843",Режим работы: пн-пт 08:00-20:30
"Россия, г. Москва, ул. Планетная, д. 37",55.804201,37.54233,Стандарт,"Поликлиника, Вызов врача на дом (в пределах МКАД)","ГБУЗ ""Городская поликлиника №62  ДЗМ"" / Филиал №5","125319, г. Москва, ул. Планетная, д. 37, ст. метро Аэропорт",Регистратура: +7(499)-152-41-40,Режим работы: пн.-пт. 08:00-20:00
"Россия, г. Москва, ул. Каланчевская, д. 31",55.7757567,37.649532,Стандарт,"Поликлиника, Вызов врача на дом (в пределах МКАД)",ФГБУ «Федеральный медицинский центр» Росимущества,"г. Москва, ул. Каланчевская, д. 31, ст. метро Комсомольская",Регистратура: +7(499)-686-44-44,Режим работы: пн.-пт. 08:00-20:00; сб. 08:00-15:00
"Россия, г. Москва, ул. Октябрьская, д. 2/4",55.4911593,37.2996689,Стандарт,"Поликлиника, Вызов врача на дом (в пределах МКАД)","ООО ""Международный центр охраны здоровья""/ Клиника Медведева","127018, г. Москва, ул. Октябрьская, д. 2/4, ст. метро Новослободская",Регистратура: +7(495)-681-23-45,Режим работы: пн-сб 09:00-20:00 вс 10:00-18:00
"Россия, г. Москва, ул. Образцова, д. 11, стр. 2",55.789111,37.60617,Стандарт,"Поликлиника, Вызов врача на дом (в пределах МКАД)","МЧУ ""Медицинский Центр  ""Рамбам"".","127055, г. Москва, ул. Образцова, д. 11, стр. 2, ст. метро Марьина роща",Тел.: (495) 663-23-55.,Режим работы: пн.-чт. 08:00-20:00; пт. 08:00-15:00; вс. 08:00-19:00
"Россия, г. Москва, ул. Перерва, д. 39,41",55.6591934,37.746596,Стандарт,"Поликлиника, Вызов врача на дом (в пределах МКАД)","Клиника ИММА Марьино/ООО ""Медицинские Центры-2""/ранее ООО ""ИММА-1""","г. Москва, ул. Перерва, д. 39,41, ст. метро Братиславская",Регистратура: +7(495)-787-26-46,Режим работы: пн-пт 09:00-21:00 сб 09:00-18:00 вс 09:00-15:00
"Россия, г. Москва, ул. Липовый парк, д. 4, корп. 1, стр 1",55.5702228,37.4915674,Стандарт,"Поликлиника, Вызов врача на дом (в пределах МКАД)",Клиника ИММА Коммунарка/ ООО «Медицинские Центры-7»,"г. Москва, ул. Липовый парк, д. 4, корп. 1, стр 1, ст. метро Коммунарка",Регистратура: +7(495)-968-96-52,Режим работы: пн.-пт. 09:00-21:00; сб. 09:00-18:00; вс. 09:00-15:00
"Россия, г. Москва, ул. Маршала Катукова, д. 24, корп. 5",55.80304899999999,37.413073,Стандарт,"Поликлиника, Вызов врача на дом (в пределах МКАД)","Клиника ИММА Строгино/ООО ""МЦ-5""","г. Москва, ул. Маршала Катукова, д. 24, корп. 5, ст. метро Строгино",Регистратура: +7(495)-536-19-99,Режим работы: пн-пт 09:00-21:00 сб-вс 09:00-21:00
"Россия, г. Москва, ул. Никулинская, д. 5, корп. 2",55.667288,37.456664,Стандарт,"Поликлиника, Вызов врача на дом (в пределах МКАД)","Клиника ИММА на Юго-Западной/ООО ""Семейный Медицинский Центр""","г. Москва, ул. Никулинская, д. 5, корп. 2, ст. метро Юго-Западная",Регистратура: +7(495)-644-11-14,Режим работы: пн-пт 09:00-21:00 сб 09:00-18:00 вс 09:00-15:00
"Россия, г. Москва, ул. Родионовская, д. 2, корп. 1",55.89491599999999,37.399527,Стандарт,"Поликлиника, Вызов врача на дом (в пределах МКАД)","Клиника ИММА Куркино/ ООО ""Медицинский Центр Куркино""","г. Москва, ул. Родионовская, д. 2, корп. 1, ст. метро Планерная",Регистратура: +7(495)-660-30-90,Режим работы: пн-пт 09:00-21:00 сб 09:00-18:00 вс 09:00-15:00
"Россия, г. Москва, ул. 3-я Мытищинская, д. 14А",55.80350199999999,37.6460699,Стандарт,"Поликлиника, Вызов врача на дом (в пределах МКАД)","Клиника ИММА на Алексеевской /ООО ""Медицинские Центры""","г. Москва, ул. 3-я Мытищинская, д. 14А, ст. метро Алексеевская",Регистратура: +7(495)-771-69-91,Режим работы: пн-пт 09:00-21:00 сб 09:00-18:00 вс 09:00-15:00
"Россия, г. Москва, ул. Гиляровского, д. 57",55.773803,37.6302458,Стандарт,"Поликлиника, Вызов врача на дом (в пределах МКАД)","ООО ""Поликлиника Центросоюза"".","129110, г. Москва, ул. Гиляровского, д. 57, ст. метро Проспект Мира","тел.: (495) 684-1298, 688-6336.",Режим работы: пн-пт 08:00-20:00 сб 09:00-18:00 вс 09:00-15:00
"Россия, г. Москва, ул. Удальцова, д. 77",55.6793477,37.4976709,Стандарт,"Поликлиника, Вызов врача на дом (в пределах МКАД)",ООО МДЦ «ОЛИМП»,"119454, г. Москва, ул. Удальцова, д. 77, ст. метро Проспект Вернадского",Регистратура: +7(495)-445-91-11,Режим работы: пн.-пт. 08:00-21:00; сб. 09:00-19:00; вс. 09:00-15:00
"Россия, г. Москва, пр-кт Комсомольский, д. 17, стр. 11",55.72826269999999,37.5865473,Стандарт,"Поликлиника, Вызов врача на дом (в пределах МКАД)","ОП ООО ""МедАС"" - ""Альфа-Центр Здоровья""","г. Москва, пр-кт Комсомольский, д. 17, стр. 11, ст. метро Фрунзенская",Регистратура: +7(495) 419-21-46,Режим работы: пн.-пт. 08:00-21:00; сб.-вс. 09:00-19:00
"Россия, г. Москва, пер. 1-й Смоленский, д. 7",55.747104,37.579491,Стандарт,"Поликлиника, Вызов врача на дом (в пределах МКАД)",Медицинский центр ООО «ГВМ ИНТЕРНЕШИОНАЛ»,"121099, г. Москва, пер. 1-й Смоленский, д. 7, ст. метро Смоленская",Регистратура: +7(495)-120-79-61,Режим работы: пн.-пт. 08:00-21:00; сб. 09:00-21:00; вс. 09:00-20:00
"Россия, г. Москва, ул. Новая Басманная, д. 5",55.7698522,37.6543614,Стандарт,Поликлиника,"ЧУЗ ""ЦКБ""РЖД-Медицина""","г. Москва, ул. Новая Басманная, д. 5, ст. метро Красные ворота","Регистратура:  (499) 262-35-99, (499) 260-10-10.",Режим работы: пн-пт 08:00-20:00 сб 09:00-15:00
"Россия, г. Москва, ул. Часовая, д. 20",55.810649,37.529569,Стандарт,Поликлиника,"ЧУЗ ""ЦКБ""РЖД-Медицина""","125315, г. Москва, ул. Часовая, д. 20, ст. метро Сокол",Регистратура: +7(495)-531-30-40,Режим работы: пн-пт 08:00-20:00 сб 09:00-15:00
"Россия, г. Москва, пр-д Анадырский, д. 10, корп. 2",55.864023,37.684133,Стандарт,Поликлиника,НУЗ «Узловая поликлиника на ст. Лосиноостровская  ОАО «РЖД»,"129327, г. Москва, пр-д Анадырский, д. 10, корп. 2, ст. метро Бабушкинская",Регистратура: +7(495)-471-25-79,Режим работы: пн.-пт. 08:00-20:00
"Россия, г. Москва, ул. Плющева, д. 15А, стр. 2",55.7398114,37.7643072,Стандарт,Поликлиника,НУЗ «Отделенческая поликлиника на станции Москва-Курская ОАО «РЖД»АПП №1,"г. Москва, ул. Плющева, д. 15А, стр. 2, ст. метро Перово","тел.: (499) 623-71-92, (499) 623-72-06",Режим работы: пн-пт 08:00-20:00 сб 09:00-14:00
"Россия, г. Москва, ул. 1-я Мытищинская, д. 19А",55.8011445,37.6451237,Стандарт,Поликлиника,НУЗ «Отделенческая поликлиника на станции Москва-Курская ОАО «РЖД»АПП №2,"129626, г. Москва, ул. 1-я Мытищинская, д. 19А, ст. метро Алексеевская",Регистратура: (499)266-65-22,"Режим работы: пн.-пт. 08.00 – 16.00, , суб. с 9.00 до 13.00 (по четным дням), вс. – выходной."
"Россия, г. Москва, ул. Ставропольская, д. 23, корп. 1",55.6832915,37.7604074,Стандарт,Поликлиника,"НУЗ ""ДКБ им. Н.А. Семашко на ст. Люблино ОАО ""РЖД"" (поликлиника).","г. Москва, ул. Ставропольская, д. 23, корп. 1, ст. метро Люблино",Регистратура: 8 (495) 359-02-43; 8 (499) 266-98-98,Режим работы: пн-пт 08:00-20:00 сб 08:00-14:00
"Россия, г. Москва, ул Шоссейная, д 43, стр 2",55.6760464,37.7229612,Стандарт,Поликлиника,"НУЗ ""ЦКБ № 6 ОАО ""РЖД""","г Москва, ул Шоссейная, д 43, стр 2, ст. метро Печатники",Регистратура: +7(495) 354-34-02,режим работы: пн.-пт. 08.00-18.00
"Россия, Московская область, пос. Киевский, д. 12А",55.4314274,36.8707385,Стандарт,Поликлиника,НУЗ «Узловая поликлиника на ст. Бекасово ОАО «РЖД»,"пос. Киевский, д. 12А",Регистратура: (495) 846-34-85,Режим работы: пн-пт 08:00-19:00
"Россия, г. Москва, ул. Маросейка, д. 2/15, стр. 1",55.7573028,37.6328655,Стандарт,Поликлиника,"ДЦ ""Клиника Здоровья"" / ООО ""ВЕСТ-ТЕХ""","г. Москва, ул. Маросейка, д. 2/15, стр. 1, ст. метро Китай-Город",Регистратура: +7(495)-961-27-67,Режим работы: пн.-пт. 09:00-21:00; сб.-вс. 09:00-21:00
"Россия, г. Москва, пер Подсосенский, д 17",55.7570109,37.6525543,Стандарт,Поликлиника,"ДЦ ""Клиника Здоровья"" / ООО ""ВЕСТ-ТЕХ""","г Москва, пер Подсосенский, д 17, ст. метро Курская",Регистратура: +7(495)-961-27-67,Режим работы: пн.-пт. 09:00-21:00; сб.-вс. 09:00-21:00
"Россия, г. Москва, ул. Нижняя Первомайская, д. 65",55.791695,37.8177893,Стандарт,Поликлиника,"ФГБУ ""НМХЦ им. Н.И. Пирогова"" Минздрава России / КДЦ ""Измайловский""","г. Москва, ул. Нижняя Первомайская, д. 65, ст. метро Первомайская",Регистратура: +7(499)-464-03-03,Режим работы: пн-пт 08:00-20:00 сб 09:00-15:00
"Россия, г. Москва, ул. Ильинка, д. 9",55.7554832,37.6261898,Стандарт,Поликлиника,"ФГБУ ""Многофункциональный комплекс Министерства Финансов РФ"" / ЛОК ""Ёлочки""","г. Москва, ул. Ильинка, д. 9, ст. метро Китай-город","тел.: (495) 987-91-05, 623-53-72.",Режим работы: пн-пт 08:00-20:00 сб 09:00-13:00
"Россия, г. Москва, ул. Мытная, д. 19",55.718073,37.619582,Стандарт,Поликлиника,"МСЧ АО ""Гознак""","г. Москва, ул. Мытная, д. 19, ст. метро Шаболовская",Регистратура:(495) 744-07-62,Режим работы: пн-пт 08:00-20:00
"Россия, г. Москва, ш. Иваньковское, д. 7",55.822599,37.459504,Стандарт,Поликлиника,"ФБУ ""ЦКБ Гражданской Авиации"" (поликлиника)","125367, г. Москва, ш. Иваньковское, д. 7, ст. метро Сокол",Регистратура:+7(495) 490-04-90,Режим работы: пн.-пт. 08:30-19:30; сб. 09:30-14:00
"Россия, г. Москва, ш. Энтузиастов, д. 42",55.7563657,37.7442673,Стандарт,Поликлиника,"ГКУ ""Центральная поликлиника ФТС России""","г. Москва, ш. Энтузиастов, д. 42, ст. метро Шоссе Энтузиастов","тел.:(495) 276-41-24, (495) 276-41-25, (495) 276-41-26",Режим работы: пн-пт 08:00-20:00
"Россия, г. Москва, пер. Гагаринский, д. 37/8",55.74499,37.5889832,Стандарт,Поликлиника,"ФГБУ ""НМХЦ им. Н.И. Пирогова"" Минздрава России/ КДЦ Арбатский","119002, г. Москва, пер. Гагаринский, д. 37/8, ст. метро Кропоткинская","Регистратура: 8(499) 241-40-45, 8(499) 241-12-46. Вызов врача на дом: 8(499) 241-72-39",Режим работы: пн-пт 08:00-20:00 сб 09:00-15:00
"Россия, г. Москва, ш. Можайское, д. 14",55.7215992,37.4325473,Стандарт,Поликлиника,"ГБУЗ г.Москвы «ГКБ им.М.Е.Жадкевича ДЗМ"" / ранее ГБУЗ «ГКБ №71 ДЗМ»","121374, г. Москва, ш. Можайское, д. 14, ст. метро Кунцевская","(495) 443-61-06, (495) 443-68-98",пн.-пт. 08.00-20.00
"Россия, г. Москва, ул. Гамалеи, д. 15",55.7997325,37.457897,Стандарт,Поликлиника,ФГБУ ГНЦ ФМБЦ им.А.И.Бурназяна ФМБА России/ Клиника №2,"123098, г. Москва, ул. Гамалеи, д. 15, ст. метро Щукинская",через пульт Страховщика,Режим работы: пн.-пт. 08:00-18:00
"Россия, г. Москва, ул. Покрышкина, д. 8",55.66576730000001,37.4707926,Стандарт,Стоматология в пределах 30 км от МКАД,"Сеть ""ЮНИДЕНТ""/ООО ""Стоматология на Юго-Западной""","г. Москва, ул. Покрышкина, д. 8, ст. метро Юго-Западная","Тел.: (495) 374-50-01 пульт, (495) 981-6616",Режим работы: пн-пт 10:00-21:00
"Россия, г. Москва, пр-кт Свободный, д. 30",55.7465389,37.8141409,Стандарт,Стоматология в пределах 30 км от МКАД,"Сеть ""ЮНИДЕНТ""/ ООО «Стоматология в Новогиреево»","г. Москва, пр-кт Свободный, д. 30, ст. метро Новогиреево","Тел.: (495) 374-50-01 пульт, (495) 302-9585, 988-8046",Режим работы: пн-пт 10:00-21:00
"Россия, г. Москва, пер. Бобров, д. 4, стр. 1",55.3854767,36.7403431,Стандарт,Стоматология в пределах 30 км от МКАД,"Сеть ""ЮНИДЕНТ""/ООО ""Клиника на Чистых прудах""","143396, г. Москва, пер. Бобров, д. 4, стр. 1, ст. метро Чистые пруды","Тел.: (495) 374-50-01 пульт, (495) 201-0401",Режим работы: пн-пт 10:00-21:00
"Россия, г. Москва, ул. Арбат, д. 42, стр. 3",55.74857799999999,37.586495,Стандарт,Стоматология в пределах 30 км от МКАД,"Сеть ""ЮНИДЕНТ""/ООО ""ЦАПОИС""","119002, г. Москва, ул. Арбат, д. 42, стр. 3, ст. метро Смоленская","Тел.: (495) 374-50-01 пульт, (499) 241-8242",Режим работы: пн-пт 10:00-21:00
"Россия, г. Москва, пр-кт Ленинградский, д. 76, корп. 3",55.807118,37.51584500000001,Стандарт,Стоматология в пределах 30 км от МКАД,"Сеть ""ЮНИДЕНТ""/ООО ""Стоматология на Соколе""","125315, г. Москва, пр-кт Ленинградский, д. 76, корп. 3, ст. метро Сокол","Тел.: (495) 374-50-01 пульт, (499) 155-0779, (499) 155-07-80.",Режим работы: пн-вс 10:00-21:00
"Россия, г. Москва, ул. Земляной Вал, д. 54, стр. 2",55.7481522,37.6551623,Стандарт,Стоматология в пределах 30 км от МКАД,"Сеть ""ЮНИДЕНТ""/ООО ""Стоматология на Таганской""","г. Москва, ул. Земляной Вал, д. 54, стр. 2, ст. метро Таганская",Регистратура: +7(495)-374-50-01,Режим работы: пн.-пт. 09:00-21:00; сб.-вс. 09:00-21:00
"Россия, г. Москва, ул. Туристская, д. 33, корп. 2",55.85857069999999,37.4185216,Стандарт,Стоматология в пределах 30 км от МКАД,"Сеть ""ЮНИДЕНТ""/ООО ""Стоматология на Планерной""","125480, г. Москва, ул. Туристская, д. 33, корп. 2, ст. метро Планерная","Тел.: (495) 374-50-01 пульт, (499) 762-1501; (499) 762-0403",Режим работы: пн-пт 10:00-21:00
"Россия, г. Москва, ул. Ташкентская, д. 24, корп. 1",55.700463,37.809565,Стандарт,Стоматология в пределах 30 км от МКАД,"Сеть ""ЮНИДЕНТ""/ООО «Стоматология в Выхино""","г. Москва, ул. Ташкентская, д. 24, корп. 1, ст. метро Выхино","Тел.: (495) 374-50-01 пульт, (495) 376-66-91",Режим работы: пн-пт 10:00-21:00
"Россия, г. Москва, ул. Лескова, д. 30",55.89623289999999,37.6095744,Стандарт,Стоматология в пределах 30 км от МКАД,"Сеть ""ЮНИДЕНТ""/ООО ""ЮНИДЕНТ Стоматология-9""","г. Москва, ул. Лескова, д. 30, ст. метро Бибирево","Тел.: (495) 374-50-01 пульт, (499) 745-3693, (499) 745-3694",Режим работы: пн-пт 10:00-21:00
"Россия, г. Москва, пр-кт Севастопольский, д. 15, корп. 1",55.6830728,37.5996259,Стандарт,Стоматология в пределах 30 км от МКАД,"Сеть ""ЮНИДЕНТ""/ООО ""Стоматология на Академической""","117447, г. Москва, пр-кт Севастопольский, д. 15, корп. 1, ст. метро Нагорная","Тел.: (495) 374-50-01 пульт, (499) 123-62-51",Режим работы: пн-пт 10:00-21:00
"Россия, г. Москва, ул. Барышиха, д. 20",55.8440344,37.351947,Стандарт,Стоматология в пределах 30 км от МКАД,"Сеть ""ЮНИДЕНТ""/ООО «ЮНИДЕНТ Стоматология-11»","125368, г. Москва, ул. Барышиха, д. 20, ст. метро Митино","Тел.: (495) 374-50-01 пульт, (495) 794-8459",Режим работы: пн-пт 10:00-21:00
"Россия, г. Москва, ул. Тверская-Ямская, 2-я, д. 20-22, стр. 2",55.7706779,37.5965305,Стандарт,Стоматология в пределах 30 км от МКАД,"Сеть ""ЮНИДЕНТ""/ООО ""Стоматология на Маяковской""","125047, г. Москва, ул. Тверская-Ямская, 2-я, д. 20-22, стр. 2, ст. метро Маяковская","Тел.: (495) 374-50-01 пульт, (499) 250-20-96; (495) 981-51-01",Режим работы: пн-пт 10:00-21:00
"Россия, г. Москва, ул. Фортунатовская, д. 1",55.792454,37.7369186,Стандарт,Экстренная и плановая стационарная помощь в пределах 30 км от МКАД,"ГБУЗ ""ГКБ им. Ф.И. Иноземцева ДЗМ""/ ранее ГБУЗ ""ГКБ №36 ДЗМ"" ","105187, г. Москва, ул. Фортунатовская, д. 1, ст. метро Партизанская",через пульт Страховщика,
"Россия, г. Москва, ул. Будайская, д. 2",55.83321249999999,37.6667937,Стандарт,Экстренная и плановая стационарная помощь в пределах 30 км от МКАД,"НУЗ"" ЦКБ №2 им.Н.А.Семашко"" ОАО ""РЖД""","129128, г. Москва, ул. Будайская, д. 2, ст. метро ВДНХ",через пульт Страховщика,
"Россия, г. Москва, ул. Б.Пироговская, д. 2,4,6, стр. 1,4,9",55.730961,37.56815599999999,Стандарт,Экстренная и плановая стационарная помощь в пределах 30 км от МКАД,ФГБОУ ВО Первый МГМУ им  Сеченова Минздрава России/Университетская клиническая больница №1 ,"119991, г. Москва, ул. Б.Пироговская, д. 2,4,6, стр. 1,4,9, ст. метро Спортивная",через пульт Страховщика,
"Россия, г. Москва, ул. Маршала Новикова, д. 23",55.805416,37.456893,Стандарт,Экстренная и плановая стационарная помощь в пределах 30 км от МКАД,ФГБУ ГНЦ ФМБЦ им.А.И.Бурназяна ФМБА России/ Клиника №1 ,"123098, г. Москва, ул. Маршала Новикова, д. 23, ст. метро Щукинская",через пульт Страховщика,
"Россия, г. Москва, ул. Велозаводская, д. 1/1",55.71924749999999,37.6662754,Стандарт,Экстренная и плановая стационарная помощь в пределах 30 км от МКАД,"ГБУЗ ""Городская Клиническая больница № 13"" ДЗМ","115280, г. Москва, ул. Велозаводская, д. 1/1, ст. метро Автозаводская",через пульт Страховщика,
"Россия, г. Москва, ул. Ставропольская, д. 23, корп. 1",55.6832915,37.7604074,Стандарт,Экстренная и плановая стационарная помощь в пределах 30 км от МКАД,"НУЗ ""ДКБ им. Н.А. Семашко на ст. Люблино ОАО ""РЖД"" (стационар)","109386, г. Москва, ул. Ставропольская, д. 23, корп. 1, ст. метро Люблино",через пульт Страховщика,
"Россия, Московская область, г. Химки,  п.  Новогорск",55.8892526,37.3616873,Стандарт,Экстренная и плановая стационарная помощь в пределах 30 км от МКАД,"ФГБУ ФКЦ ВМТФМБА России/ ранее ""Клиническая больница № 119 ФМБА"" ","141435, обл. Московская, г. Химки,  п.  Новогорск",через пульт Страховщика,
"Россия, г. Москва, бул. Литовский, д. 1А",55.6147381,37.5279271,Стандарт,Экстренная и плановая стационарная помощь в пределах 30 км от МКАД,"ФГБУЗ  ""ЦКБ РАН""/ стационар ","117593, г. Москва, бул. Литовский, д. 1А, ст. метро Ясенево",через пульт Страховщика,
"Россия, г. Москва, ул. Москворечье, д. 16",55.642876,37.666196,Стандарт,Экстренная и плановая стационарная помощь в пределах 30 км от МКАД,"ФГБУЗ ""Клиническая больница № 85 ФМБА России"" (стационар)","115409, г. Москва, ул. Москворечье, д. 16, ст. метро Каширская",через пульт Страховщика,
"Россия, Московская область, г. Красногорск, п.  Новый",55.8215508,37.3106791,Стандарт,Экстренная и плановая стационарная помощь в пределах 30 км от МКАД,"ФГБУ ""3 ЦВКГ им.Вишневского МО"" стационар ","143420, обл. Московская, г. Красногорск, п.  Новый",через пульт Страховщика,
"Россия, г. Москва, ш. Иваньковское, д. 7",55.822599,37.459504,Стандарт,Экстренная и плановая стационарная помощь в пределах 30 км от МКАД,"ФБУ ""ЦКБ Гражданской Авиации"" (стационар)","125367, г. Москва, ш. Иваньковское, д. 7, ст. метро Сокол",через пульт Страховщика,
"Россия, г. Москва, бул. Ореховый, д. 28",55.61653769999999,37.7640942,Стандарт,Экстренная и плановая стационарная помощь в пределах 30 км от МКАД,"ФГБУ ""ФНКЦ"" ФМБА России / ФГБУ ФНКЦ ФМБА России ","115682, г. Москва, бул. Ореховый, д. 28, ст. метро Красногвардейская",через пульт Страховщика,
"Россия, г. Москва, ул. Вешняковская, д. 23",55.7311305,37.8333706,Стандарт,Экстренная и плановая стационарная помощь в пределах 30 км от МКАД,"ГБУЗ ""ГКБ № 15 им. О.М.Филатова"" ДЗМ / Стационар ","111539, г. Москва, ул. Вешняковская, д. 23, ст. метро Выхино",через пульт Страховщика,
"Россия, Московская область, г. Химки, мкр. Планерная, вл, 14 ",55.9206416,37.3731704,Стандарт,Экстренная и плановая стационарная помощь в пределах 30 км от МКАД,"ФГБУ ""ЛРКЦ"" Минобороны  России/Филиал №1  ","141408, обл. Московская, г. Химки, мкр. Планерная, вл, 14 ",через пульт Страховщика,
"Россия, г. Москва, ш. Волоколамское, д. 84",55.820136,37.456086,Стандарт,Экстренная и плановая стационарная помощь в пределах 30 км от МКАД,"ЧУЗ ""ЦКБ""РЖД-Медицина"" ","125367, г. Москва, ш. Волоколамское, д. 84, ст. метро Сокол",через пульт Страховщика,
"Россия, г. Москва, ул. Шоссейная, д. 43",55.6778613,37.7256823,Стандарт,Экстренная и плановая стационарная помощь в пределах 30 км от МКАД,"НУЗ ""ЦКБ № 6 ОАО ""РЖД"" ","109388, г. Москва, ул. Шоссейная, д. 43, ст. метро Печатники",через пульт Страховщика,
"Россия, г. Москва, ул. Абельмановская, д. 4",55.7368862,37.6705913,Стандарт,Экстренная и плановая стационарная помощь в пределах 30 км от МКАД,"Клинико-диагностический центр ФГБУ ФКЦ ВМТФМБА России/ ранее ""КБ № 84 ФМБА России"" (стационар) ","109147, г. Москва, ул. Абельмановская, д. 4, ст. метро Пролетарская",через пульт Страховщика,
"Россия, г. Москва, ул. Вавилова, д. 61",55.6868451,37.5563644,Стандарт,Экстренная и плановая стационарная помощь в пределах 30 км от МКАД,"ГБУЗ «ГКБ им. В.В. Виноградова ДЗМ»/ГБУЗ ""ГКБ №64 ДЗМ"" ","117292, г. Москва, ул. Вавилова, д. 61, ст. метро Академическая",через пульт Страховщика,
